{
  "language_tag": "ru",
  "region_code": "RU",
  "novice": true,
  "ui": {
    "theme": "dark",
    "auto_orientation": false,
    "hide_dock_icon": false,
    "exclude_from_recent": false,
    "wake_lock": false,
    "hide_vpn": false,
    "disable_font_scaler": false,
    "hide_after_launch": false,
    "net_check_domain": "vsepostavshiki.ru",
    "diversion_rule_detect_domain": "RuTracker.org",
    "tv_mode": false
  },
  "dev": {
    "enable_debug_log": false,
    "pprof_port": 0,
    "allow_remote_access_pprof": false,
    "allow_remote_access_htmlboard": false
  },
  "ui_screen": {
    "widgets": [
      "outlet_ip_by_current_selected_info",
      "connections_info",
      "traffic_total_info",
      "traffic_speed_info",
      "profile_sub_traffic_info",
      "outbound_mode",
      "my_profiles",
      "speed_test"
    ],
    "widgets_alpha": 0,
    "hide_invalid_server_my_profiles": false,
    "hide_invalid_server_select_server": false,
    "hide_invalid_server_diversion_rules": false,
    "sort_server_my_profiles": false,
    "sort_server_select_server": true,
    "sort_server_diversion_rules": false,
    "select_server_hide_recommand": false,
    "select_server_hide_recent": true,
    "select_server_hide_fav": false,
    "hide_unused_diversion_group": false,
    "my_link": "https://t.me/f0xff",
    "background_image_type": "",
    "background_image": "",
    "background_image_local": "/data/user/0/com.nebula.karing/cache/file_picker/1772099354641/b5a0400bbea6af89fea28efeb389447b.jpg"
  },
  "ntp": {
    "enable": false,
    "server": "time.windows.com"
  },
  "proxy": {
    "host": "127.0.0.1",
    "enable_cluster": false,
    "cluster_host": "127.0.0.1",
    "mixed_port": 3067,
    "mixed_direct_port": 3065,
    "mixed_forword_port": 3066,
    "mixed_net_share_port": 4067,
    "mixed_forword_net_share_port": 4066,
    "control_port": 3057,
    "cluster_port": 3050,
    "auto_set_system_proxy": false,
    "system_proxy_bypass_domain": [
      "<-loopback>",
      "<local>",
      "localhost",
      "*.local",
      "127.*",
      "10.*",
      "172.16.*",
      "172.17.*",
      "172.18.*",
      "172.19.*",
      "172.2*",
      "172.30.*",
      "172.31.*",
      "192.168.*"
    ],
    "disconnect_when_quit": false,
    "auto_add_to_firewall": true,
    "socks_username": "",
    "socks_password": ""
  },
  "tun": {
    "enable": true,
    "stack": "gvisor",
    "udp_timeout": 60,
    "i4_address": "10.20.0.1",
    "mtu": 4064,
    "auto_route": true,
    "auto_redirect": false,
    "strict_route": false,
    "allow_bypass": false,
    "append_http_proxy": false,
    "allow_bypass_httpproxy_domains": [
      "<-loopback>",
      "<local>",
      "localhost",
      "*.local",
      "127.*",
      "10.*",
      "172.16.*",
      "172.17.*",
      "172.18.*",
      "172.19.*",
      "172.2*",
      "172.30.*",
      "172.31.*",
      "192.168.*"
    ],
    "hijack_dns": true,
    "loopback_address": ""
  },
  "dns": {
    "ttl": 43200,
    "enable_rule": true,
    "test_domain": "gstatic.com",
    "enable_client_subnet": true,
    "enable_inbound_domain_resolve": false,
    "enable_static_ip": false,
    "proxy_resolve_mode": "proxy",
    "resolver_addresses": [
      "local",
      "https://1.1.1.1/dns-query",
      "https://8.8.8.8/dns-query"
    ],
    "outbound_addresses": [
      "local",
      "udp://8.8.8.8",
      "udp://8.8.4.4"
    ],
    "direct_addresses": [
      "local",
      "udp://8.8.8.8",
      "udp://8.8.4.4"
    ],
    "proxy_addresses": [
      "https://1.1.1.1/dns-query",
      "https://8.8.8.8/dns-query",
      "https://dns.google/dns-query"
    ],
    "client_subnet": "213.87.161.43",
    "client_subnet_latest_update": "2026-02-26 20:37:23.382522",
    "static_ips": {},
    "list": []
  },
  "tls": {
    "enable_insecure": false,
    "enable_fragment": false,
    "fragment_size": "100-200",
    "fragment_sleep": "10-20",
    "enable_mixed_case_sni": true,
    "enable_padding": false,
    "padding_size": "1-1500"
  },
  "mux": {
    "enable": true,
    "padding": true,
    "protocol": "h2mux",
    "max_streams": 8,
    "outbound_types": [
      "shadowsocks",
      "trojan",
      "vless",
      "vmess"
    ]
  },
  "rule_sets": {
    "enable_geosite": true,
    "enable_geoip": true,
    "enable_acl": true,
    "auto_append_region_geosite": true,
    "auto_append_region_geoip": true,
    "use_remote_geosite": false,
    "use_remote_geoip": false,
    "use_remote_acl": false,
    "update_interval": 86400,
    "disable_custom_diversion_group": false,
    "disable_isp_diversion_group": false
  },
  "perapp": {
    "enable": true,
    "is_include": true,
    "list_android": [],
    "list_macos": [],
    "hide_system_app": true,
    "hide_app_icon": false
  },
  "auto_select": {
    "interval": 900,
    "tolerance": 40,
    "prioritize_my_fav": false,
    "filter": true,
    "limited_num": 200,
    "selected_health_check_interval": 60,
    "retest_if_network_udpate": true,
    "update_current_server_after_manual_urltest": false,
    "ignore_perproxy_server": false
  },
  "warp": {
    "license": ""
  },
  "webdav": {
    "url": "",
    "user": "",
    "password": ""
  },
  "auto_backup": {
    "add_profile": true,
    "remove_profile": false
  },
  "statistics": {
    "enable": false,
    "data_desensitize": true,
    "cache_days": 7
  },
  "auto_connect_after_launch": true,
  "auto_connect_at_boot": true,
  "ip_strategy": "ipv4_only",
  "proxy_all": true,
  "front_proxy": [],
  "private_direct": true,
  "quit_when_switch_systemUser": false,
  "alway_on": false,
  "disconnect_after_sleep_seconds": null,
  "disable_app_improve_data": false,
  "user_agents": [],
  "speed_test_list": [],
  "speed_test": "https://speed.cloudflare.com/",
  "url_test_list": [],
  "url_test_timeout": 5,
  "url_test": "https://www.gstatic.com/generate_204",
  "latency_check_concurrency": 10,
  "latency_check_resolve_ip": false,
  "auto_update_channel": "stable",
  "auto_download_udpate_pkg": true,
  "origin_sb_profile": "",
  "html_board_port": 3072
}