{
  "items": [
    {
      "groupid": "custom",
      "urlOrPath": "",
      "remark": "Самостоятельная настройка",
      "editAble": true,
      "groups": []
    },
    {
      "groupid": "acd61331-a10b-4763-b78a-52c91ab4cda9",
      "urlOrPath": "https://raw.githubusercontent.com/0x64656164/cancer-treatment/refs/heads/main/config.json#Cancer-Treatment",
      "remark": "Cancer-Treatment",
      "editAble": false,
      "groups": [
        {
          "groupid": "acd61331-a10b-4763-b78a-52c91ab4cda9",
          "name": "https://raw.githubusercontent.com/0x64656164/cancer-treatment/refs/heads/main/ruleset/srs/block/ads-ru.srs",
          "type": "",
          "or": true,
          "proxies": [
            "BLOCK"
          ],
          "rule_set": [
            "https://raw.githubusercontent.com/0x64656164/cancer-treatment/refs/heads/main/ruleset/srs/block/ads-ru.srs"
          ]
        },
        {
          "groupid": "acd61331-a10b-4763-b78a-52c91ab4cda9",
          "name": "https://raw.githubusercontent.com/runetfreedom/russia-v2ray-rules-dat/release/sing-box/rule-set-geosite/geosite-category-ads-all.srs",
          "type": "",
          "or": true,
          "proxies": [
            "BLOCK"
          ],
          "rule_set": [
            "https://raw.githubusercontent.com/runetfreedom/russia-v2ray-rules-dat/release/sing-box/rule-set-geosite/geosite-category-ads-all.srs"
          ]
        },
        {
          "groupid": "acd61331-a10b-4763-b78a-52c91ab4cda9",
          "name": "https://raw.githubusercontent.com/0x64656164/cancer-treatment/refs/heads/main/ruleset/srs/telegram-voice-chats.srs",
          "type": "",
          "or": true,
          "rule_set": [
            "https://raw.githubusercontent.com/0x64656164/cancer-treatment/refs/heads/main/ruleset/srs/telegram-voice-chats.srs"
          ]
        },
        {
          "groupid": "acd61331-a10b-4763-b78a-52c91ab4cda9",
          "name": "https://raw.githubusercontent.com/0x64656164/cancer-treatment/refs/heads/main/ruleset/srs/instagram.srs",
          "type": "",
          "or": true,
          "rule_set": [
            "https://raw.githubusercontent.com/0x64656164/cancer-treatment/refs/heads/main/ruleset/srs/instagram.srs"
          ]
        },
        {
          "groupid": "acd61331-a10b-4763-b78a-52c91ab4cda9",
          "name": "https://raw.githubusercontent.com/0x64656164/cancer-treatment/refs/heads/main/ruleset/srs/rkn.srs",
          "type": "",
          "or": true,
          "rule_set": [
            "https://raw.githubusercontent.com/0x64656164/cancer-treatment/refs/heads/main/ruleset/srs/rkn.srs"
          ]
        },
        {
          "groupid": "acd61331-a10b-4763-b78a-52c91ab4cda9",
          "name": "https://raw.githubusercontent.com/0x64656164/cancer-treatment/refs/heads/main/ruleset/srs/grok.srs",
          "type": "",
          "or": true,
          "rule_set": [
            "https://raw.githubusercontent.com/0x64656164/cancer-treatment/refs/heads/main/ruleset/srs/grok.srs"
          ]
        },
        {
          "groupid": "acd61331-a10b-4763-b78a-52c91ab4cda9",
          "name": "https://raw.githubusercontent.com/0x64656164/cancer-treatment/refs/heads/main/ruleset/srs/netflix.srs",
          "type": "",
          "or": true,
          "rule_set": [
            "https://raw.githubusercontent.com/0x64656164/cancer-treatment/refs/heads/main/ruleset/srs/netflix.srs"
          ]
        },
        {
          "groupid": "acd61331-a10b-4763-b78a-52c91ab4cda9",
          "name": "https://raw.githubusercontent.com/0x64656164/cancer-treatment/refs/heads/main/ruleset/srs/tiktok.srs",
          "type": "",
          "or": true,
          "rule_set": [
            "https://raw.githubusercontent.com/0x64656164/cancer-treatment/refs/heads/main/ruleset/srs/tiktok.srs"
          ]
        },
        {
          "groupid": "acd61331-a10b-4763-b78a-52c91ab4cda9",
          "name": "https://raw.githubusercontent.com/0x64656164/cancer-treatment/refs/heads/main/ruleset/srs/x.srs",
          "type": "",
          "or": true,
          "rule_set": [
            "https://raw.githubusercontent.com/0x64656164/cancer-treatment/refs/heads/main/ruleset/srs/x.srs"
          ]
        },
        {
          "groupid": "acd61331-a10b-4763-b78a-52c91ab4cda9",
          "name": "https://raw.githubusercontent.com/0x64656164/cancer-treatment/refs/heads/main/ruleset/srs/anime-ru.srs",
          "type": "",
          "or": true,
          "rule_set": [
            "https://raw.githubusercontent.com/0x64656164/cancer-treatment/refs/heads/main/ruleset/srs/anime-ru.srs"
          ]
        },
        {
          "groupid": "acd61331-a10b-4763-b78a-52c91ab4cda9",
          "name": "https://raw.githubusercontent.com/0x64656164/cancer-treatment/refs/heads/main/ruleset/srs/discord-voice-chats.srs",
          "type": "",
          "or": true,
          "rule_set": [
            "https://raw.githubusercontent.com/0x64656164/cancer-treatment/refs/heads/main/ruleset/srs/discord-voice-chats.srs"
          ]
        },
        {
          "groupid": "acd61331-a10b-4763-b78a-52c91ab4cda9",
          "name": "https://raw.githubusercontent.com/0x64656164/cancer-treatment/refs/heads/main/ruleset/srs/linkedin.srs",
          "type": "",
          "or": true,
          "rule_set": [
            "https://raw.githubusercontent.com/0x64656164/cancer-treatment/refs/heads/main/ruleset/srs/linkedin.srs"
          ]
        },
        {
          "groupid": "acd61331-a10b-4763-b78a-52c91ab4cda9",
          "name": "https://raw.githubusercontent.com/0x64656164/cancer-treatment/refs/heads/main/ruleset/srs/gemini.srs",
          "type": "",
          "or": true,
          "rule_set": [
            "https://raw.githubusercontent.com/0x64656164/cancer-treatment/refs/heads/main/ruleset/srs/gemini.srs"
          ]
        },
        {
          "groupid": "acd61331-a10b-4763-b78a-52c91ab4cda9",
          "name": "https://raw.githubusercontent.com/0x64656164/cancer-treatment/refs/heads/main/ruleset/srs/roblox.srs",
          "type": "",
          "or": true,
          "rule_set": [
            "https://raw.githubusercontent.com/0x64656164/cancer-treatment/refs/heads/main/ruleset/srs/roblox.srs"
          ]
        },
        {
          "groupid": "acd61331-a10b-4763-b78a-52c91ab4cda9",
          "name": "https://raw.githubusercontent.com/0x64656164/cancer-treatment/refs/heads/main/ruleset/srs/supercell.srs",
          "type": "",
          "or": true,
          "rule_set": [
            "https://raw.githubusercontent.com/0x64656164/cancer-treatment/refs/heads/main/ruleset/srs/supercell.srs"
          ]
        },
        {
          "groupid": "acd61331-a10b-4763-b78a-52c91ab4cda9",
          "name": "https://raw.githubusercontent.com/0x64656164/cancer-treatment/refs/heads/main/ruleset/srs/openai.srs",
          "type": "",
          "or": true,
          "rule_set": [
            "https://raw.githubusercontent.com/0x64656164/cancer-treatment/refs/heads/main/ruleset/srs/openai.srs"
          ]
        },
        {
          "groupid": "acd61331-a10b-4763-b78a-52c91ab4cda9",
          "name": "https://raw.githubusercontent.com/0x64656164/cancer-treatment/refs/heads/main/ruleset/srs/discord-full.srs",
          "type": "",
          "or": true,
          "rule_set": [
            "https://raw.githubusercontent.com/0x64656164/cancer-treatment/refs/heads/main/ruleset/srs/discord-full.srs"
          ]
        },
        {
          "groupid": "acd61331-a10b-4763-b78a-52c91ab4cda9",
          "name": "https://raw.githubusercontent.com/0x64656164/cancer-treatment/refs/heads/main/ruleset/srs/copilot.srs",
          "type": "",
          "or": true,
          "rule_set": [
            "https://raw.githubusercontent.com/0x64656164/cancer-treatment/refs/heads/main/ruleset/srs/copilot.srs"
          ]
        },
        {
          "groupid": "acd61331-a10b-4763-b78a-52c91ab4cda9",
          "name": "https://raw.githubusercontent.com/0x64656164/cancer-treatment/refs/heads/main/ruleset/srs/discord-domains.srs",
          "type": "",
          "or": true,
          "rule_set": [
            "https://raw.githubusercontent.com/0x64656164/cancer-treatment/refs/heads/main/ruleset/srs/discord-domains.srs"
          ]
        },
        {
          "groupid": "acd61331-a10b-4763-b78a-52c91ab4cda9",
          "name": "https://raw.githubusercontent.com/0x64656164/cancer-treatment/refs/heads/main/ruleset/srs/whatsapp.srs",
          "type": "",
          "or": true,
          "rule_set": [
            "https://raw.githubusercontent.com/0x64656164/cancer-treatment/refs/heads/main/ruleset/srs/whatsapp.srs"
          ]
        },
        {
          "groupid": "acd61331-a10b-4763-b78a-52c91ab4cda9",
          "name": "https://raw.githubusercontent.com/0x64656164/cancer-treatment/refs/heads/main/ruleset/srs/telegram.srs",
          "type": "",
          "or": true,
          "rule_set": [
            "https://raw.githubusercontent.com/0x64656164/cancer-treatment/refs/heads/main/ruleset/srs/telegram.srs"
          ]
        },
        {
          "groupid": "acd61331-a10b-4763-b78a-52c91ab4cda9",
          "name": "https://raw.githubusercontent.com/0x64656164/cancer-treatment/refs/heads/main/ruleset/srs/discord-voice-chats-no-cidr.srs",
          "type": "",
          "or": true,
          "rule_set": [
            "https://raw.githubusercontent.com/0x64656164/cancer-treatment/refs/heads/main/ruleset/srs/discord-voice-chats-no-cidr.srs"
          ]
        },
        {
          "groupid": "acd61331-a10b-4763-b78a-52c91ab4cda9",
          "name": "https://raw.githubusercontent.com/0x64656164/cancer-treatment/refs/heads/main/ruleset/srs/youtube.srs",
          "type": "",
          "or": true,
          "rule_set": [
            "https://raw.githubusercontent.com/0x64656164/cancer-treatment/refs/heads/main/ruleset/srs/youtube.srs"
          ]
        },
        {
          "groupid": "acd61331-a10b-4763-b78a-52c91ab4cda9",
          "name": "https://raw.githubusercontent.com/0x64656164/cancer-treatment/refs/heads/main/ruleset/srs/spotify.srs",
          "type": "",
          "or": true,
          "rule_set": [
            "https://raw.githubusercontent.com/0x64656164/cancer-treatment/refs/heads/main/ruleset/srs/spotify.srs"
          ]
        },
        {
          "groupid": "acd61331-a10b-4763-b78a-52c91ab4cda9",
          "name": "https://raw.githubusercontent.com/0x64656164/cancer-treatment/refs/heads/main/ruleset/srs/unavailable-in-russia.srs",
          "type": "",
          "or": true,
          "rule_set": [
            "https://raw.githubusercontent.com/0x64656164/cancer-treatment/refs/heads/main/ruleset/srs/unavailable-in-russia.srs"
          ]
        },
        {
          "groupid": "acd61331-a10b-4763-b78a-52c91ab4cda9",
          "name": "https://raw.githubusercontent.com/runetfreedom/russia-v2ray-rules-dat/release/sing-box/rule-set-geosite/geosite-ru-blocked.srs",
          "type": "",
          "or": true,
          "rule_set": [
            "https://raw.githubusercontent.com/runetfreedom/russia-v2ray-rules-dat/release/sing-box/rule-set-geosite/geosite-ru-blocked.srs"
          ]
        },
        {
          "groupid": "acd61331-a10b-4763-b78a-52c91ab4cda9",
          "name": "https://raw.githubusercontent.com/runetfreedom/russia-v2ray-rules-dat/release/sing-box/rule-set-geoip/geoip-ru-blocked-all.srs",
          "type": "",
          "or": true,
          "rule_set": [
            "https://raw.githubusercontent.com/runetfreedom/russia-v2ray-rules-dat/release/sing-box/rule-set-geoip/geoip-ru-blocked-all.srs"
          ]
        }
      ]
    }
  ],
  "rule_set_items": [
    {
      "tag": "https://github.com/savely-krasovsky/antizapret-sing-box/releases/latest/download/antizapret.srs",
      "type": "remote",
      "format": "binary",
      "url": "https://github.com/savely-krasovsky/antizapret-sing-box/releases/latest/download/antizapret.srs"
    },
    {
      "tag": "https://raw.githubusercontent.com/runetfreedom/russia-v2ray-rules-dat/release/sing-box/rule-set-geosite/geosite-ru-blocked.srs",
      "type": "remote",
      "format": "binary",
      "url": "https://raw.githubusercontent.com/runetfreedom/russia-v2ray-rules-dat/release/sing-box/rule-set-geosite/geosite-ru-blocked.srs"
    },
    {
      "tag": "https://raw.githubusercontent.com/runetfreedom/russia-v2ray-rules-dat/release/sing-box/rule-set-geoip/geoip-ru-blocked-all.srs",
      "type": "remote",
      "format": "binary",
      "url": "https://raw.githubusercontent.com/runetfreedom/russia-v2ray-rules-dat/release/sing-box/rule-set-geoip/geoip-ru-blocked-all.srs"
    },
    {
      "tag": "https://raw.githubusercontent.com/runetfreedom/russia-v2ray-rules-dat/release/sing-box/rule-set-geosite/geosite-rutracker.srs",
      "type": "remote",
      "format": "binary",
      "url": "https://raw.githubusercontent.com/runetfreedom/russia-v2ray-rules-dat/release/sing-box/rule-set-geosite/geosite-rutracker.srs"
    },
    {
      "tag": "https://raw.githubusercontent.com/0x64656164/cancer-treatment/refs/heads/main/ruleset/srs/ads-ru.srs",
      "type": "remote",
      "format": "binary",
      "url": "https://raw.githubusercontent.com/0x64656164/cancer-treatment/refs/heads/main/ruleset/srs/ads-ru.srs"
    },
    {
      "tag": "https://raw.githubusercontent.com/0x64656164/cancer-treatment/refs/heads/main/ruleset/srs/anime-ru.srs",
      "type": "remote",
      "format": "binary",
      "url": "https://raw.githubusercontent.com/0x64656164/cancer-treatment/refs/heads/main/ruleset/srs/anime-ru.srs"
    },
    {
      "tag": "https://raw.githubusercontent.com/0x64656164/cancer-treatment/refs/heads/main/ruleset/srs/copilot.srs",
      "type": "remote",
      "format": "binary",
      "url": "https://raw.githubusercontent.com/0x64656164/cancer-treatment/refs/heads/main/ruleset/srs/copilot.srs"
    },
    {
      "tag": "https://raw.githubusercontent.com/0x64656164/cancer-treatment/refs/heads/main/ruleset/srs/discord-domains.srs",
      "type": "remote",
      "format": "binary",
      "url": "https://raw.githubusercontent.com/0x64656164/cancer-treatment/refs/heads/main/ruleset/srs/discord-domains.srs"
    },
    {
      "tag": "https://raw.githubusercontent.com/0x64656164/cancer-treatment/refs/heads/main/ruleset/srs/discord-full.srs",
      "type": "remote",
      "format": "binary",
      "url": "https://raw.githubusercontent.com/0x64656164/cancer-treatment/refs/heads/main/ruleset/srs/discord-full.srs"
    },
    {
      "tag": "https://raw.githubusercontent.com/0x64656164/cancer-treatment/refs/heads/main/ruleset/srs/discord-voice-chats-no-cidr.srs",
      "type": "remote",
      "format": "binary",
      "url": "https://raw.githubusercontent.com/0x64656164/cancer-treatment/refs/heads/main/ruleset/srs/discord-voice-chats-no-cidr.srs"
    },
    {
      "tag": "https://raw.githubusercontent.com/0x64656164/cancer-treatment/refs/heads/main/ruleset/srs/discord-voice-chats.srs",
      "type": "remote",
      "format": "binary",
      "url": "https://raw.githubusercontent.com/0x64656164/cancer-treatment/refs/heads/main/ruleset/srs/discord-voice-chats.srs"
    },
    {
      "tag": "https://raw.githubusercontent.com/0x64656164/cancer-treatment/refs/heads/main/ruleset/srs/gemini.srs",
      "type": "remote",
      "format": "binary",
      "url": "https://raw.githubusercontent.com/0x64656164/cancer-treatment/refs/heads/main/ruleset/srs/gemini.srs"
    },
    {
      "tag": "https://raw.githubusercontent.com/0x64656164/cancer-treatment/refs/heads/main/ruleset/srs/grok.srs",
      "type": "remote",
      "format": "binary",
      "url": "https://raw.githubusercontent.com/0x64656164/cancer-treatment/refs/heads/main/ruleset/srs/grok.srs"
    },
    {
      "tag": "https://raw.githubusercontent.com/0x64656164/cancer-treatment/refs/heads/main/ruleset/srs/instagram.srs",
      "type": "remote",
      "format": "binary",
      "url": "https://raw.githubusercontent.com/0x64656164/cancer-treatment/refs/heads/main/ruleset/srs/instagram.srs"
    },
    {
      "tag": "https://raw.githubusercontent.com/0x64656164/cancer-treatment/refs/heads/main/ruleset/srs/linkedin.srs",
      "type": "remote",
      "format": "binary",
      "url": "https://raw.githubusercontent.com/0x64656164/cancer-treatment/refs/heads/main/ruleset/srs/linkedin.srs"
    },
    {
      "tag": "https://raw.githubusercontent.com/0x64656164/cancer-treatment/refs/heads/main/ruleset/srs/netflix.srs",
      "type": "remote",
      "format": "binary",
      "url": "https://raw.githubusercontent.com/0x64656164/cancer-treatment/refs/heads/main/ruleset/srs/netflix.srs"
    },
    {
      "tag": "https://raw.githubusercontent.com/0x64656164/cancer-treatment/refs/heads/main/ruleset/srs/openai.srs",
      "type": "remote",
      "format": "binary",
      "url": "https://raw.githubusercontent.com/0x64656164/cancer-treatment/refs/heads/main/ruleset/srs/openai.srs"
    },
    {
      "tag": "https://raw.githubusercontent.com/0x64656164/cancer-treatment/refs/heads/main/ruleset/srs/rkn.srs",
      "type": "remote",
      "format": "binary",
      "url": "https://raw.githubusercontent.com/0x64656164/cancer-treatment/refs/heads/main/ruleset/srs/rkn.srs"
    },
    {
      "tag": "https://raw.githubusercontent.com/0x64656164/cancer-treatment/refs/heads/main/ruleset/srs/roblox.srs",
      "type": "remote",
      "format": "binary",
      "url": "https://raw.githubusercontent.com/0x64656164/cancer-treatment/refs/heads/main/ruleset/srs/roblox.srs"
    },
    {
      "tag": "https://raw.githubusercontent.com/0x64656164/cancer-treatment/refs/heads/main/ruleset/srs/spotify.srs",
      "type": "remote",
      "format": "binary",
      "url": "https://raw.githubusercontent.com/0x64656164/cancer-treatment/refs/heads/main/ruleset/srs/spotify.srs"
    },
    {
      "tag": "https://raw.githubusercontent.com/0x64656164/cancer-treatment/refs/heads/main/ruleset/srs/supercell.srs",
      "type": "remote",
      "format": "binary",
      "url": "https://raw.githubusercontent.com/0x64656164/cancer-treatment/refs/heads/main/ruleset/srs/supercell.srs"
    },
    {
      "tag": "https://raw.githubusercontent.com/0x64656164/cancer-treatment/refs/heads/main/ruleset/srs/telegram-voice-chats.srs",
      "type": "remote",
      "format": "binary",
      "url": "https://raw.githubusercontent.com/0x64656164/cancer-treatment/refs/heads/main/ruleset/srs/telegram-voice-chats.srs"
    },
    {
      "tag": "https://raw.githubusercontent.com/0x64656164/cancer-treatment/refs/heads/main/ruleset/srs/tiktok.srs",
      "type": "remote",
      "format": "binary",
      "url": "https://raw.githubusercontent.com/0x64656164/cancer-treatment/refs/heads/main/ruleset/srs/tiktok.srs"
    },
    {
      "tag": "https://raw.githubusercontent.com/0x64656164/cancer-treatment/refs/heads/main/ruleset/srs/unavailable-in-russia.srs",
      "type": "remote",
      "format": "binary",
      "url": "https://raw.githubusercontent.com/0x64656164/cancer-treatment/refs/heads/main/ruleset/srs/unavailable-in-russia.srs"
    },
    {
      "tag": "https://raw.githubusercontent.com/0x64656164/cancer-treatment/refs/heads/main/ruleset/srs/whatsapp.srs",
      "type": "remote",
      "format": "binary",
      "url": "https://raw.githubusercontent.com/0x64656164/cancer-treatment/refs/heads/main/ruleset/srs/whatsapp.srs"
    },
    {
      "tag": "https://raw.githubusercontent.com/0x64656164/cancer-treatment/refs/heads/main/ruleset/srs/x.srs",
      "type": "remote",
      "format": "binary",
      "url": "https://raw.githubusercontent.com/0x64656164/cancer-treatment/refs/heads/main/ruleset/srs/x.srs"
    },
    {
      "tag": "https://raw.githubusercontent.com/0x64656164/cancer-treatment/refs/heads/main/ruleset/srs/youtube.srs",
      "type": "remote",
      "format": "binary",
      "url": "https://raw.githubusercontent.com/0x64656164/cancer-treatment/refs/heads/main/ruleset/srs/youtube.srs"
    },
    {
      "tag": "https://raw.githubusercontent.com/runetfreedom/russia-v2ray-rules-dat/release/sing-box/rule-set-geoip/geosite-category-ads-all.srs",
      "type": "remote",
      "format": "binary",
      "url": "https://raw.githubusercontent.com/runetfreedom/russia-v2ray-rules-dat/release/sing-box/rule-set-geoip/geosite-category-ads-all.srs"
    },
    {
      "tag": "https://raw.githubusercontent.com/0x64656164/cancer-treatment/refs/heads/main/ruleset/srs/block/ads-ru.srs",
      "type": "remote",
      "format": "binary",
      "url": "https://raw.githubusercontent.com/0x64656164/cancer-treatment/refs/heads/main/ruleset/srs/block/ads-ru.srs"
    },
    {
      "tag": "https://raw.githubusercontent.com/runetfreedom/russia-v2ray-rules-dat/release/sing-box/rule-set-geosite/geosite-category-ads-all.srs",
      "type": "remote",
      "format": "binary",
      "url": "https://raw.githubusercontent.com/runetfreedom/russia-v2ray-rules-dat/release/sing-box/rule-set-geosite/geosite-category-ads-all.srs"
    },
    {
      "tag": "https://raw.githubusercontent.com/0x64656164/cancer-treatment/refs/heads/main/ruleset/srs/telegram.srs",
      "type": "remote",
      "format": "binary",
      "url": "https://raw.githubusercontent.com/0x64656164/cancer-treatment/refs/heads/main/ruleset/srs/telegram.srs"
    }
  ]
}